Número,Título,URL,Fonte,Resumo,Data da Pesquisa
1,Como as Empresas Estão Usando Agentes de IA? ...,https://blog.dsacademy.com.br/como-as-empresas-estao-usando-agentes-de-ia-vejamos-5-casos-de-uso/,blog.dsacademy.com.br,7 de jan. de 2025 — Como as Empresas Estão Usando Agentes de IA? Vejamos 5 Casos de Uso · Johnson & Johnson: Agentes de Descoberta de Medicamentos · Moody's: Agentes ...,06/05/2025
2,36 Exemplos do mundo real de agentes de IA,https://botpress.com/pt/blog/real-world-applications-of-ai-agents,botpress.com,11 de jul. de 2024 — 36 Exemplos do mundo real de agentes de IA · 1. Agentes baseados na utilidade · 2. Agentes baseados em objectivos · 3. Agentes reflexivos ...,06/05/2025
3,Os 14 principais casos de uso de agentes de IA,https://translate.google.com/translate?u=https://www.miquido.com/blog/ai-agents-use-cases/&hl=pt&sl=en&tl=pt&client=srp,translate.google.com,"15 de jan. de 2025 — Agentes de IA aumentam a produtividade da empresa em diversas áreas, assumindo tarefas de atendimento ao cliente que podem ser automatizadas.",06/05/2025
4,Casos de uso de IA de geração real de organizações ...,https://translate.google.com/translate?u=https://cloud.google.com/transform/101-real-world-generative-ai-use-cases-from-industry-leaders&hl=pt&sl=en&tl=pt&client=srp,translate.google.com,"9 de abr. de 2025 — * A Capgemini está usando o Google Cloud para criar agentes de IA que ajudam a otimizar a experiência de comércio eletrônico, auxiliando os ...",06/05/2025
5,5 principais casos de uso comercial para agentes de IA - CIO,https://translate.google.com/translate?u=https://www.cio.com/article/3843379/5-top-business-use-cases-for-ai-agents.html&hl=pt&sl=en&tl=pt&client=srp,translate.google.com,"19 de mar. de 2025 — Como os agentes de IA podem interagir com diversos sistemas, a automação do fluxo de trabalho e a produtividade são os principais casos de uso ...",06/05/2025
6,Casos de uso de agentes de IA,https://www.salesforce.com/br/agentforce/use-cases/,www.salesforce.com,Veja como o Agentforce pode transformar sua empresa com casos de uso reais usando agentes de IA para melhorar a eficiência e impulsionar o crescimento.,06/05/2025
7,Agentes de IA: transformando negócios com Inteligência ...,https://meta.com.br/agentes-ia/,meta.com.br,"14 de fev. de 2025 — Agentes de IA são sistemas de software projetados para operar de forma autônoma, realizando tarefas complexas com base em dados e objetivos ...",06/05/2025
8,10 casos de utilização de agentes de IA para aumentar a ...,https://skimai.com/pt/10-casos-de-utilizacao-de-agentes-de-ia-para-aumentar-a-produtividade-e-a-rentabilidade-das-suas-empresas/,skimai.com,14 de jun. de 2024 — 10 casos de utilização de agentes de IA para aumentar a produtividade e a rentabilidade da sua empresa · 1. Maximizar o ROI do marketing através ...,06/05/2025
9,Seus principais casos de uso de Agentes de IA para ...,https://www.reddit.com/r/AI_Agents/comments/1jspi70/your_top_ai_agent_usecases_for_enterprises/?tl=pt-br,www.reddit.com,"Um caso de uso que eu acho super interessante é usar agentes de IA para gestão de conhecimento interno — tipo, ajudar as equipes a acharem ...",06/05/2025
10,Case: como ter sucesso com a IA no atendimento ao cliente,https://distrito.me/blog/case-como-ter-sucesso-com-a-ia-no-atendimento-ao-cliente/,distrito.me,"24 de fev. de 2025 — Os agentes de IA conseguem analisar dados do cliente e sugerir respostas personalizadas, auxiliar atendentes humanos com insights ...",06/05/2025
11,Como os Agentes de IA Melhoram o Atendimento ao Cliente,https://blog.nvidia.com.br/blog/agentes-de-ia-atendimento-ao-cliente/,blog.nvidia.com.br,"25 de fev. de 2025 — os agentes de IA lidam com perguntas comuns e tarefas repetitivas, permitindo que as equipes de suporte priorizem casos mais complicados.",06/05/2025
12,Agentes de IA: Acelerando o Desenvolvimento de Software,https://stackspot.com/pt/blog/agentes-de-ia,stackspot.com,28 de ago. de 2024 — Agentes de IA são sistemas automatizados que utilizam inteligência artificial para executar tarefas específicas e tomar decisões baseadas em ...,06/05/2025
13,Google Cloud: 90 casos de IA na América Latina que estão ...,https://blog.google/intl/pt-br/produtos/nas-nuvens/google-cloud-90-casos-de-ia-na-america-latina-que-estao-moldando-o-futuro-da-inovacao/,blog.google,20 de mar. de 2025 — Google Cloud: 90 casos de IA na América Latina que estão moldando o futuro da Inovação ... COPEL A Copel desenvolveu um agente de IA que funciona ...,06/05/2025
14,O que são Agentes de IA? | BR,https://www.automationanywhere.com/br/rpa/ai-agents,www.automationanywhere.com,Os agentes de IA são assistentes habilitados para executar ações e que trabalham de maneira autônoma para atingir objetivos definidos envolvendo tarefas ...,06/05/2025
15,"Agentes de IA, a verdadeira revolução para pequenas e ...",https://theshift.info/hot/agentes-de-ia-a-verdadeira-revolucao-para-pequenas-e-medias-empresas/,theshift.info,"15 de jan. de 2025 — Agentes de IA especializados, cada um com funções e conhecimentos distintos, colaboram em tarefas complexas, incluindo análise de dados, ...",06/05/2025
16,"Agentes de IA São o Novo ""Faz-tudo"" das Empresas ...",https://forbes.com.br/forbes-tech/2025/02/1001-utilidades-agentes-de-ia-sao-o-novo-faz-tudo-das-empresas-brasileiras/,forbes.com.br,"11 de fev. de 2025 — Com um agente de IA, empresas podem aperfeiçoar processos cotidianos. No Brasil, já existem alguns exemplos práticos da tecnologia. Com a ...",06/05/2025
17,Como agentes de IA funcionam e podem ajudar na sua ...,https://www.cnnbrasil.com.br/tecnologia/como-agentes-de-ia-funcionam-e-podem-ajudar-na-sua-rotina/,www.cnnbrasil.com.br,"21 de mar. de 2025 — Quais são os exemplos de agentes de IA? Um exemplo de IA agêntica são os robo-advisors de uma empresa de serviços financeiros, que analisam ...",06/05/2025
18,O que são agentes de IA?,https://aws.amazon.com/pt/what-is/ai-agents/,aws.amazon.com,Os agentes de IA são sistemas inteligentes autônomos que realizam tarefas específicas sem intervenção humana. As organizações usam agentes de IA para atingir ...,06/05/2025
19,"Agentes de IA em Diversos Setores: O que São, Como ...",https://mindconsulting.com.br/2025/01/agentes-de-ia-em-diversos-setores-o-que-sao-como-funcionam/,mindconsulting.com.br,26 de jan. de 2025 — Agentes de IA são programas ou sistemas que utilizam técnicas de Inteligência Artificial para realizar tarefas de maneira autônoma ou semiautô ...,06/05/2025
20,3 melhores agentes de IA para o teu negócio em 2025,https://textcortex.com/pt/post/best-ai-agents,textcortex.com,"22 de dez. de 2024 — Os casos de utilização mais comuns de agentes de IA incluem chatbots, assistentes virtuais e representantes do serviço de apoio ao cliente.",06/05/2025
21,Agentes de IA: como usar para melhorar a experiência do ...,https://www.zenvia.com/blog/agentes-de-ia/,www.zenvia.com,"19 de fev. de 2025 — Casos de uso de agentes de IA para melhorar a experiência do cliente. A seguir, apresentamos alguns exemplos práticos de como os agentes de IA ...",06/05/2025
22,Agentes de IA com autonomia são a nova aposta da ...,https://www.mobiletime.com.br/noticias/17/02/2025/agentes-de-ia/,www.mobiletime.com.br,17 de fev. de 2025 — São vários os casos de uso para agentes de IA. Um deles é para a cobrança de dívidas. O agente virtual aprende qual o melhor canal e a melhor ...,06/05/2025
23,Business Case de AGENTES DE IA da AUTOMAFORCE ...,https://pt.linkedin.com/pulse/business-case-de-agentes-ia-da-automaforce-n%C3%A3o-confundir-amorim-r7caf,pt.linkedin.com,"Hoje, estarei apresentando alguns cases de agentes de IA desenvolvidos pela AUTOMAFORCE com foco em atendimento ao cliente, gerenciamento da ...",06/05/2025
24,"Agentes de vendas de IA | Casos de uso, setores e ...",https://botpress.com/pt/blog/ai-sales-agent,botpress.com,8 de jan. de 2025 — Os 5 melhores agentes de vendas com IA · 1. Botpress · 2. HubSpot · 3. Zoho SalesIQ · 4. IA do Freshdesk Freddy · 5. Salesforce Einstein.,06/05/2025
25,Entenda como agentes de IA criarão a nova era de ...,https://exame.com/inteligencia-artificial/ia-trabalho-digital/,exame.com,"24 de fev. de 2025 — Os agentes de IA são programas sofisticados que conseguem executar tarefas, tomar decisões e interagir com o ambiente, podendo trabalhar de ...",06/05/2025
26,O que são Agentes de IA?,https://triggo.ai/blog/o-que-sao-agentes-de-ia/,triggo.ai,27 de fev. de 2025 — Exemplos de use cases aplicando Agentes de IA · Operações comerciais: podem revolucionar a forma como as empresas lidam com as operações do dia a ...,06/05/2025
27,Agentes de IA vs. assistentes de IA,https://www.ibm.com/br-pt/think/topics/ai-agents-vs-ai-assistants,www.ibm.com,A principal diferença entre um assistente de inteligência artificial (IA) e um agente de IA é semelhante. Os assistentes de IA são reativos e realizam as ...,06/05/2025
28,Agente de IA Kommo: Visão Geral,https://www.kommo.com/br/recursos/crm/kommo-agente-ia/,www.kommo.com,"30 de jan. de 2025 — O agente de IA oferece respostas instantâneas em qualquer plataforma de mensagens, gerenciando várias interações com clientes simultaneamente.",06/05/2025
29,Agentes de IA,https://www.servicenow.com/br/products/ai-agents.html,www.servicenow.com,"Um agente de IA é um sistema autônomo projetado para coletar dados, tomar decisões e executar tarefas para alcançar objetivos predefinidos. Ele se adapta a ...",06/05/2025
30,Agentes de IA,https://www.servicenow.com/br/products/ai-agents.html,www.servicenow.com,"Um agente de IA é um sistema autônomo projetado para coletar dados, tomar decisões e executar tarefas para alcançar objetivos predefinidos. Ele se adapta a ...",06/05/2025
31,O impacto dos agentes de IA nas empresas,https://www.alura.com.br/empresas/artigos/agentes-de-ia?srsltid=AfmBOoovdfbTqcDgf41AHh3bhONdX8Yat4erU4zcP9Q-b3t0ikDLv_jx,www.alura.com.br,"20 de ago. de 2024 — Agentes de IA são sistemas de software que atuam de maneira autônoma para realizar tarefas específicas, utilizando capacidades que simulam a ...",06/05/2025
32,O que são agentes de IA?,https://www.oracle.com/br/artificial-intelligence/ai-agents/,www.oracle.com,"19 de set. de 2024 — Casos de uso de agentes de IA. Os casos de uso ideais do agente de IA geralmente têm dados relacionados e outros sistemas, como um CRM ou ERP ...",06/05/2025
